scenario,load,rep,start,end,rc,windows,lat_min_ns,lat_avg_ns,lat_max_ns,lat_over,exe_avg_ns,exe_max_ns,resp_max_ns,resp_over,l2_refill_per_period,l3_refill_per_period,bus_access_per_period,lat_over_pct,resp_over_pct
s1,idle,1,1790344409.528073,1790344709.542547,0,299,296.0,296.0602006688963,1277.0,0.0,20538.658862876255,174870.0,175259.0,933.0,1023.4792073578595,51.21953846153846,8248.976086956522,0.0,0.3120401337792642
s3,idle,1,1790344709.564805,1790344769.575766,0,59,296.0,296.3050847457627,6796.0,0.0,20457.762711864405,130611.0,130962.0,179.0,1023.4648644067796,50.26649152542373,8248.816559322035,0.0,0.30338983050847457
s3,cache,1,1790344771.594788,1790344831.741475,0,59,296.0,3345.677966101695,10666.0,0.0,180160.2033898305,554925.0,558962.0,42628.0,1020.1076610169491,317.9479322033898,8297.811830508475,0.0,72.25084745762712
s3,stream,1,1790344833.765007,1790344893.818041,0,59,629.0,3142.7966101694915,9314.0,0.0,258434.77966101695,411888.0,417462.0,58999.0,1006.5335254237289,627.5335254237289,8220.933711864407,0.0,99.99830508474577
s3,memcpy,1,1790344895.843447,1790344955.877439,0,31,296.0,296.0,722.0,0.0,21076.483870967742,151907.0,152370.0,90.0,1023.4566129032258,57.18087096774194,8241.782032258065,0.0,0.2903225806451613
s3,vm,1,1790344957.896776,1790345017.937261,0,59,296.0,3985.6610169491523,15074.0,0.0,357517.3220338983,682870.0,687907.0,53652.0,1011.3798305084746,669.418220338983,8229.34027118644,0.0,90.93559322033899
s3,pwalk,1,1790345019.958801,1790345079.120809,0,58,296.0,296.3103448275862,6833.0,0.0,23533.379310344826,135444.0,135777.0,372.0,1023.3916896551724,85.81929310344827,8246.716017241379,0.0,0.6413793103448275
s3,idle,2,1790345081.14267,1790345141.149773,0,58,296.0,296.0,1703.0,0.0,20361.53448275862,134777.0,135111.0,172.0,1023.4652586206896,49.163603448275865,8248.211413793104,0.0,0.296551724137931
s3,cache,2,1790345143.168328,1790345203.196486,0,59,296.0,3277.9491525423728,10962.0,0.0,229656.15254237287,535611.0,540722.0,56943.0,1018.252,462.14103389830507,8271.960186440678,0.0,96.5135593220339
s3,stream,2,1790345205.220861,1790345265.282307,0,59,851.0,3203.237288135593,9462.0,0.0,333706.6271186441,415277.0,418314.0,59000.0,1018.9418644067797,875.4030338983051,8325.58872881356,0.0,100.0
s3,memcpy,2,1790345267.301612,1790345327.336969,0,59,296.0,296.0,888.0,0.0,20847.86440677966,134611.0,135499.0,184.0,1023.4626610169491,54.493508474576274,8245.161627118645,0.0,0.31186440677966104
s3,vm,2,1790345329.356009,1790345389.393066,0,59,296.0,3889.9661016949153,14425.0,0.0,390434.18644067796,670111.0,677351.0,52983.0,1010.9891864406779,773.5885423728813,8224.146915254238,0.0,89.80169491525423
s3,pwalk,2,1790345391.411757,1790345451.132439,0,59,296.0,296.0,1111.0,0.0,24219.508474576272,134499.0,134944.0,405.0,1023.4059152542372,93.49628813559322,8246.246644067796,0.0,0.6864406779661016
s3,idle,3,1790345453.15355,1790345513.16054,0,59,296.0,296.0,1203.0,0.0,20521.77966101695,146018.0,146370.0,185.0,1023.4698813559322,50.924491525423726,8249.056949152542,0.0,0.3135593220338983
s3,cache,3,1790345515.179803,1790345575.205286,0,59,296.0,3482.7796610169494,10351.0,0.0,287505.16949152545,537407.0,542537.0,58590.0,1015.812593220339,626.9701016949152,8260.321627118645,0.0,99.30508474576271
s3,stream,3,1790345577.226881,1790345637.266135,0,59,999.0,3220.4745762711864,8740.0,0.0,328831.5593220339,415351.0,420425.0,59000.0,1018.9838983050847,867.8170847457627,8332.509542372882,0.0,100.0
s3,memcpy,3,1790345639.287913,1790345699.31747,0,59,296.0,296.0,777.0,0.0,20874.898305084746,137259.0,137574.0,165.0,1023.4658983050847,54.91183050847457,8249.912491525423,0.0,0.2796610169491525
s3,vm,3,1790345701.338368,1790345761.385185,0,59,296.0,3960.2203389830506,17555.0,0.0,376448.6101694915,662407.0,672296.0,55654.0,1011.1850847457628,733.8123389830508,8235.157135593221,0.0,94.32881355932203
s3,pwalk,3,1790345763.404441,1790345823.090461,0,58,296.0,296.3103448275862,4518.0,0.0,23637.379310344826,132592.0,133055.0,349.0,1023.4016724137931,87.01489655172414,8248.524224137931,0.0,0.6017241379310345
s2,bitonicsort,1,1790345825.114657,1790345855.14789,0,30,296.0,2219.266666666667,10777.0,0.0,102721.1,534907.0,538388.0,13875.0,1007.9279666666666,356.9834,8239.2322,0.0,46.25
s2,bsearch,1,1790345857.166721,1790345887.287943,0,29,296.0,296.0,1703.0,0.0,22415.206896551725,141518.0,141833.0,65.0,1023.4292413793104,71.79141379310344,8252.868448275862,0.0,0.22413793103448276
s2,bubblesort,1,1790345889.348316,1790345919.379114,0,29,296.0,296.0,648.0,0.0,21087.689655172413,126518.0,126907.0,81.0,1023.4703448275862,57.26113793103448,8244.327413793104,0.0,0.2793103448275862
s2,cache,1,1790345921.400804,1790345951.427392,0,29,296.0,3277.2758620689656,19277.0,0.0,238318.8275862069,536999.0,542037.0,28558.0,1017.9095517241379,511.74506896551725,8279.683137931035,0.0,98.47586206896551
s2,cachehammer,1,1790345953.446539,1790345983.479122,0,29,296.0,776.6896551724138,6148.0,0.0,99216.0,184555.0,186185.0,12874.0,1011.038724137931,673.5410344827586,8259.029551724137,0.0,44.39310344827586
s2,cacheline,1,1790345985.501745,1790346015.526476,0,29,296.0,296.0,499.0,0.0,22180.206896551725,118166.0,118629.0,71.0,1023.466275862069,67.22031034482758,8242.005896551724,0.0,0.24482758620689654
s2,dekker,1,1790346017.545441,1790346047.57605,0,29,296.0,296.0,1111.0,0.0,21432.55172413793,125129.0,125444.0,103.0,1023.4694482758621,60.29093103448276,8243.253655172413,0.0,0.35517241379310344
s2,far-branch,1,1790346049.597282,1790346079.64045,0,29,333.0,683.3448275862069,1388.0,0.0,70079.31034482758,139370.0,139944.0,374.0,1009.1878275862069,570.4062068965517,8256.670517241379,0.0,1.289655172413793
s2,fibsearch,1,1790346081.6592,1790346111.685071,0,29,296.0,296.0,1481.0,0.0,21975.862068965518,139629.0,140037.0,110.0,1023.4512413793103,67.10337931034483,8251.959068965518,0.0,0.3793103448275862
s2,flushcache,1,1790346113.706538,1790346143.734405,0,29,296.0,481.0,759.0,0.0,24327.0,114870.0,115314.0,6.0,1023.2350689655173,72.91931034482758,8241.184137931035,0.0,0.020689655172413793
s2,heapsort,1,1790346145.753412,1790346175.782127,0,29,296.0,356.17241379310343,5537.0,0.0,31458.620689655174,212314.0,214740.0,241.0,1022.284,169.21706896551723,8292.783103448275,0.0,0.8310344827586207
s2,hsearch,1,1790346177.801447,1790346207.824337,0,29,296.0,405.0344827586207,2074.0,0.0,33599.68965517241,139611.0,140444.0,175.0,1016.6555517241379,204.64096551724137,8309.16348275862,0.0,0.603448275862069
s2,icache,1,1790346209.845653,1790346239.870502,0,29,277.0,473.13793103448273,1074.0,0.0,28484.172413793105,133018.0,133592.0,351.0,1023.5625172413793,64.60389655172413,8236.937310344827,0.0,1.210344827586207
s2,insertionsort,1,1790346241.890098,1790346271.914913,0,29,296.0,296.0,1111.0,0.0,21026.344827586207,124962.0,125296.0,89.0,1023.3632413793104,56.37637931034483,8244.229310344828,0.0,0.30689655172413793
s2,judy,1,1790346273.934651,1790346303.995585,0,29,296.0,646.551724137931,6592.0,0.0,70430.5172413793,320055.0,323814.0,3105.0,1013.298,497.58268965517243,8280.24427586207,0.0,10.706896551724139
s2,l1cache,1,1790346306.015001,1790346337.686228,0,31,296.0,296.0,703.0,0.0,20841.709677419356,124981.0,125351.0,90.0,1023.4552903225806,54.604838709677416,8247.239258064516,0.0,0.2903225806451613
s2,list,1,1790346339.70735,1790346369.730951,0,29,296.0,296.0,4351.0,0.0,21284.275862068964,119666.0,120203.0,96.0,1023.4585862068966,59.55562068965517,8243.988,0.0,0.3310344827586207
s2,llc-affinity,1,1790346371.751197,1790346401.775005,0,29,296.0,4262.551724137931,19851.0,0.0,230030.2068965517,508092.0,510092.0,28978.0,1010.029448275862,675.9245862068966,8231.938586206896,0.0,99.92413793103448
s2,lockbus,1,1790346403.793716,1790346433.824497,0,29,296.0,383.0689655172414,6481.0,0.0,48682.65517241379,188759.0,189629.0,294.0,1019.6203793103448,325.3506551724138,8286.804206896551,0.0,1.013793103448276
s2,lsearch,1,1790346435.848407,1790346465.874908,0,29,296.0,296.0,888.0,0.0,21231.931034482757,127870.0,128203.0,82.0,1023.4766551724138,58.84968965517241,8242.950551724138,0.0,0.2827586206896552
s2,malloc,1,1790346467.894154,1790346502.472039,0,34,296.0,513.0,4907.0,0.0,116770.29411764706,433185.0,437555.0,29557.0,1022.9431176470588,879.9829705882353,8299.47111764706,0.0,86.93235294117648
s2,matrix,1,1790346504.637046,1790346534.707215,0,29,296.0,296.0,4722.0,0.0,22138.103448275862,182592.0,186666.0,129.0,1023.4059655172414,68.70562068965518,8248.771310344828,0.0,0.44482758620689655
s2,matrix-3d,1,1790346536.758771,1790346566.851826,0,29,629.0,6294.551724137931,43851.0,0.0,430788.1379310345,825425.0,834740.0,29000.0,1016.2356551724138,716.2039655172414,8262.793034482758,0.0,100.0
s2,membarrier,1,1790346568.872225,1790346598.950944,0,29,296.0,296.0,574.0,0.0,25180.206896551725,137722.0,138037.0,86.0,1023.4513448275862,104.49855172413793,8243.322,0.0,0.296551724137931
s2,memcpy,1,1790346600.970748,1790346631.004463,0,29,296.0,296.0,1129.0,0.0,20954.724137931036,119240.0,119574.0,85.0,1023.457448275862,55.79365517241379,8242.254310344828,0.0,0.29310344827586204
s2,mergesort,1,1790346633.023448,1790346663.048778,0,29,314.0,2554.448275862069,11777.0,0.0,217961.1724137931,542222.0,547907.0,28373.0,1014.9061724137931,731.0070344827586,8302.837551724138,0.0,97.83793103448276
s2,misaligned,1,1790346665.067638,1790346695.089463,0,28,296.0,296.0,740.0,0.0,24535.964285714286,130537.0,130962.0,68.0,1023.4298571428571,96.98514285714286,8244.122214285715,0.0,0.24285714285714285
s2,peterson,1,1790346697.108267,1790346727.135783,0,29,296.0,296.0,1518.0,0.0,21530.724137931036,140537.0,140870.0,75.0,1023.4107241379311,61.20334482758621,8245.162137931035,0.0,0.25862068965517243
s2,prefetch,1,1790346729.157,1790346759.256536,0,29,407.0,1602.4137931034484,12629.0,0.0,120300.89655172414,318740.0,322740.0,12212.0,1023.0849655172414,936.7153448275863,8385.123068965517,0.0,42.110344827586204
s2,ptr-chase,1,1790346761.275331,1790346791.3046,0,29,296.0,429.58620689655174,3537.0,0.0,114747.79310344828,241481.0,241962.0,28955.0,1012.3335172413794,911.4539310344827,8246.121655172414,0.0,99.84482758620689
s2,qsort,1,1790346793.323722,1790346823.347295,0,29,296.0,889.5172413793103,9129.0,0.0,86667.4827586207,523037.0,530148.0,5637.0,1015.1945172413793,507.2516896551724,8248.755827586207,0.0,19.43793103448276
s2,radixsort,1,1790346825.368891,1790346855.395587,0,29,296.0,592.2068965517242,6962.0,0.0,115337.8275862069,539629.0,543759.0,26026.0,1018.2322068965517,947.2744827586207,8317.08424137931,0.0,89.7448275862069
s2,shellsort,1,1790346857.414834,1790346887.438157,0,29,296.0,427.7586206896552,7944.0,0.0,63101.68965517241,350296.0,355462.0,775.0,1012.1201379310345,505.4106551724138,8238.555517241379,0.0,2.6724137931034484
s2,skiplist,1,1790346889.460133,1790346919.523346,0,29,296.0,296.0,1074.0,0.0,20913.931034482757,120703.0,121018.0,77.0,1023.4673103448276,55.47913793103448,8250.475551724137,0.0,0.2655172413793103
s2,sparsematrix,1,1790346921.542756,1790346951.580683,0,29,296.0,418.8965517241379,5907.0,0.0,82360.96551724138,296777.0,297518.0,3486.0,1012.879724137931,731.2446206896552,8245.58024137931,0.0,12.020689655172413
s2,spinmem,1,1790346953.601331,1790346983.62788,0,29,277.0,296.0,592.0,0.0,22609.931034482757,128833.0,129203.0,67.0,1023.5264482758621,73.63910344827586,8244.437344827586,0.0,0.23103448275862068
s2,str,1,1790346985.651576,1790347015.674379,0,29,296.0,296.0,888.0,0.0,20987.275862068964,131185.0,131499.0,88.0,1023.4683793103449,56.2278275862069,8241.911551724137,0.0,0.30344827586206896
s2,stream,1,1790347017.696516,1790347047.740625,0,29,666.0,3272.2413793103447,7611.0,0.0,343897.9655172414,416833.0,421870.0,29000.0,1024.914896551724,900.9345172413794,8369.905793103448,0.0,100.0
s2,tree,1,1790347049.760095,1790347079.788186,0,29,314.0,630.4827586206897,8240.0,0.0,123111.1724137931,627166.0,633148.0,28818.0,1018.8997586206897,967.6661379310344,8331.316068965518,0.0,99.37241379310345
s2,tsearch,1,1790347081.807077,1790347111.87822,0,29,314.0,495.9655172413793,15666.0,0.0,92922.1724137931,170166.0,171037.0,2762.0,1013.8325172413793,788.7967586206896,8271.96224137931,0.0,9.524137931034483
s2,wcs,1,1790347113.897246,1790347143.922049,0,29,296.0,296.0,888.0,0.0,20963.0,122796.0,123425.0,81.0,1023.4777931034482,55.89196551724138,8240.310620689655,0.0,0.2793103448275862
s2,zlib,1,1790347145.942218,1790347176.081938,0,30,296.0,301.4,1888.0,0.0,31930.333333333332,135148.0,135611.0,97.0,1023.1411,185.2651,8255.2048,0.0,0.3233333333333333
s2,atomic,1,1790347178.103635,1790347208.173289,0,29,296.0,296.62068965517244,944.0,0.0,23705.793103448275,132370.0,132703.0,68.0,1023.4839310344828,83.12941379310345,8244.562862068966,0.0,0.23448275862068965
s2,bad-altstack,1,1790347210.19288,1790347240.215355,0,29,296.0,613.9310344827586,3870.0,0.0,128378.13793103448,205685.0,207074.0,28976.0,1021.4130344827586,1027.1779310344828,8298.662551724137,0.0,99.91724137931034
s2,context,1,1790347242.237238,1790347272.259323,0,29,296.0,296.0,666.0,0.0,20720.44827586207,128777.0,129259.0,85.0,1023.4706551724138,53.16520689655172,8244.912103448276,0.0,0.29310344827586204
s2,full,1,1790347274.278185,1790347304.300321,0,29,296.0,440.55172413793105,7370.0,0.0,110151.44827586207,533777.0,538574.0,16157.0,1014.592,952.5066896551724,8219.651103448276,0.0,55.713793103448275
s2,mcontend,1,1790347306.320279,1790347336.347578,0,29,296.0,296.0,574.0,0.0,29276.55172413793,119111.0,119537.0,79.0,1023.4189655172414,150.03355172413794,8247.259172413793,0.0,0.27241379310344827
s2,memfd,1,1790347338.368085,1790347368.412609,0,29,314.0,2781.103448275862,9148.0,0.0,365315.5172413793,555240.0,560148.0,29000.0,1024.8063103448276,1002.418724137931,8350.422931034484,0.0,100.0
s2,memrate,1,1790347370.432124,1790347400.764415,0,29,296.0,1719.8620689655172,10185.0,0.0,247599.72413793104,737592.0,744314.0,28127.0,1026.0393103448275,1003.3692068965518,8353.111827586206,0.0,96.98965517241379
s2,memthrash,1,1790347402.892407,1790347436.252877,0,33,296.0,392.4848484848485,8277.0,0.0,35349.030303030304,744425.0,750240.0,2020.0,1023.5594545454545,102.39772727272727,8257.05509090909,0.0,6.121212121212121
s2,mincore,1,1790347438.456336,1790347468.521815,0,29,296.0,296.0,1518.0,0.0,21096.55172413793,132240.0,132796.0,82.0,1023.472724137931,57.352758620689656,8248.186137931034,0.0,0.2827586206896552
s2,null,1,1790347470.541846,1790347500.563951,0,29,296.0,296.62068965517244,14277.0,0.0,22364.206896551725,119944.0,120277.0,97.0,1023.5430689655173,71.81875862068965,8246.23348275862,0.0,0.33448275862068966
s2,numa,1,1790347502.58357,1790347532.60854,0,29,296.0,2513.551724137931,12407.0,0.0,279376.275862069,712888.0,718574.0,27181.0,1024.8976896551724,970.8690344827586,8324.631793103448,0.0,93.72758620689655
s2,pipe,1,1790347534.62743,1790347564.649514,0,29,296.0,296.0,1092.0,0.0,36023.10344827586,120722.0,121314.0,135.0,1023.347,234.7420344827586,8252.977689655172,0.0,0.46551724137931033
s2,pipeherd,1,1790347566.671075,1790347597.03847,0,29,296.0,296.0,722.0,0.0,32004.620689655174,123351.0,123703.0,125.0,1023.3914827586207,186.6184827586207,8255.450793103448,0.0,0.43103448275862066
s2,randlist,1,1790347599.057976,1790347629.098825,0,30,296.0,1726.1333333333334,7907.0,0.0,225921.7,379518.0,384314.0,29864.0,1025.1601333333333,1016.7145,8369.169066666667,0.0,99.54666666666667
s2,remap,1,1790347631.117466,1790347661.153359,0,29,296.0,404.37931034482756,4259.0,0.0,115363.41379310345,313648.0,315203.0,28921.0,1018.0512068965518,997.0884137931034,8255.340068965517,0.0,99.72758620689655
s2,rmap,1,1790347663.176266,1790347693.275516,0,29,296.0,296.0,870.0,0.0,33471.31034482759,128259.0,128685.0,77.0,1023.4366551724138,205.4633103448276,8256.078137931034,0.0,0.2655172413793103
s2,stack,1,1790347695.293084,1790347725.328096,0,29,314.0,1033.1379310344828,5851.0,0.0,192320.06896551725,252907.0,256185.0,29000.0,1026.8860344827585,1023.1307586206897,8382.004344827586,0.0,100.0
s2,stackmmap,1,1790347727.346818,1790347757.372107,0,29,296.0,307.17241379310343,1759.0,0.0,60273.34482758621,150703.0,151129.0,388.0,1023.076724137931,518.8436551724138,8263.585827586207,0.0,1.3379310344827586
s2,tlb-shootdown,1,1790347759.39004,1790347804.936481,124,44,296.0,2258.7272727272725,9592.0,0.0,271824.3409090909,624351.0,630148.0,41657.0,1019.0118636363636,808.9307727272727,8261.501363636364,0.0,94.675
s2,vm,1,1790347806.954355,1790347837.111722,0,30,296.0,4318.566666666667,13518.0,0.0,470121.7,706407.0,712611.0,28122.0,1021.8751,964.0874666666666,8318.231966666666,0.0,93.74
s2,vm-addr,1,1790347839.130663,1790347871.65565,0,31,296.0,3645.2903225806454,13074.0,0.0,470730.0967741936,885814.0,892907.0,29440.0,1019.3793225806452,802.3243870967742,8264.11370967742,0.0,94.96774193548387
s2,vm-rw,1,1790347873.676325,1790347903.70909,0,29,759.0,4723.0,9444.0,0.0,513312.3793103448,576074.0,580759.0,29000.0,1027.1245862068965,1012.1342413793103,8375.648344827587,0.0,100.0
s2,vm-segv,1,1790347905.727926,1790347935.7507,0,29,296.0,804.0344827586207,7907.0,0.0,126230.62068965517,218055.0,218666.0,25381.0,1017.1371034482759,906.8185862068965,8247.887862068965,0.0,87.52068965517242
s2,zero,1,1790347937.769256,1790347967.791,0,29,296.0,296.0,796.0,0.0,22079.310344827587,126574.0,126888.0,88.0,1023.4767586206897,68.7098275862069,8246.503931034482,0.0,0.30344827586206896
s2,af-alg,1,1790347969.809481,1790347999.83274,0,29,296.0,308.1034482758621,3259.0,0.0,47310.51724137931,362629.0,363111.0,1172.0,1023.2247586206896,354.3181724137931,8260.706448275861,0.0,4.041379310344827
s2,besselmath,1,1790348001.851398,1790348032.286843,0,30,296.0,296.0,1814.0,0.0,21029.8,128722.0,130537.0,95.0,1023.4634333333333,56.7182,8247.0249,0.0,0.31666666666666665
s2,bitops,1,1790348034.306397,1790348064.329586,0,29,296.0,296.62068965517244,1203.0,0.0,21890.931034482757,170518.0,171444.0,165.0,1023.4230689655172,66.59296551724138,8248.333103448276,0.0,0.5689655172413793
s2,branch,1,1790348066.348414,1790348096.370823,0,29,296.0,296.0,1611.0,0.0,20678.793103448275,124037.0,124351.0,76.0,1023.476724137931,52.74548275862069,8251.570482758621,0.0,0.2620689655172414
s2,cpu,1,1790348098.390148,1790348128.526679,0,29,296.0,303.44827586206895,3018.0,0.0,33502.03448275862,143351.0,143777.0,124.0,1023.1987931034482,202.3899655172414,8263.035586206897,0.0,0.42758620689655175
s2,crypt,1,1790348130.545722,1790348160.56951,0,29,296.0,296.0,1129.0,0.0,20882.03448275862,126277.0,126592.0,86.0,1023.4705172413793,54.645758620689655,8245.728448275862,0.0,0.296551724137931
s2,dfp,1,1790348162.588152,1790348192.711083,0,29,296.0,296.0,777.0,0.0,21081.793103448275,121555.0,121870.0,108.0,1023.4710344827586,57.19531034482759,8247.270206896552,0.0,0.3724137931034483
s2,easy-opcode,1,1790348194.730115,1790348224.753925,0,29,296.0,296.0,1240.0,0.0,22921.55172413793,140314.0,140925.0,80.0,1023.424275862069,75.95462068965517,8248.841689655172,0.0,0.27586206896551724
s2,eigen,1,1790348226.772923,1790348256.8024,0,29,296.0,296.0,981.0,0.0,22591.48275862069,128777.0,129129.0,114.0,1023.4346896551724,74.40744827586207,8245.143931034483,0.0,0.3931034482758621
s2,expmath,1,1790348258.822049,1790348288.854786,0,29,296.0,296.0,777.0,0.0,21129.689655172413,139703.0,140129.0,84.0,1023.4624137931035,57.96937931034483,8245.69272413793,0.0,0.2896551724137931
s2,factor,1,1790348290.873687,1790348320.896928,0,29,296.0,296.0,2074.0,0.0,20632.275862068964,121444.0,121759.0,81.0,1023.4721724137931,52.15468965517241,8246.951551724138,0.0,0.2793103448275862
s2,fma,1,1790348322.915859,1790348352.937552,0,29,296.0,296.0,759.0,0.0,20823.241379310344,121851.0,122314.0,83.0,1023.4584827586207,54.186379310344826,8244.715586206896,0.0,0.28620689655172415
s2,fp,1,1790348354.956718,1790348385.022974,0,29,296.0,296.0,592.0,0.0,20862.206896551725,116685.0,117111.0,96.0,1023.4752068965518,54.813172413793104,8247.28024137931,0.0,0.3310344827586207
s2,fp-error,1,1790348387.042192,1790348417.063829,0,29,296.0,296.0,1037.0,0.0,20816.793103448275,125203.0,125629.0,89.0,1023.4555517241379,54.32796551724138,8246.893206896551,0.0,0.30689655172413793
s2,fractal,1,1790348419.082551,1790348449.104655,0,30,296.0,296.0,962.0,0.0,20748.866666666665,130222.0,130851.0,97.0,1023.4603,53.39706666666667,8246.952366666666,0.0,0.3233333333333333
s2,funccall,1,1790348451.123296,1790348481.180047,0,29,296.0,296.0,629.0,0.0,20980.862068965518,117148.0,117481.0,86.0,1023.477275862069,56.23696551724138,8246.351172413793,0.0,0.296551724137931
s2,funcret,1,1790348483.198792,1790348513.221324,0,29,296.0,296.0,999.0,0.0,21039.620689655174,133907.0,134703.0,88.0,1023.4649310344828,56.73148275862069,8244.518793103449,0.0,0.30344827586206896
s2,getrandom,1,1790348515.240817,1790348545.263171,0,29,296.0,296.0,870.0,0.0,20797.206896551725,138148.0,139018.0,92.0,1023.4733793103449,53.87893103448276,8248.307931034482,0.0,0.31724137931034485
s2,goto,1,1790348547.282742,1790348577.305556,0,29,296.0,296.0,870.0,0.0,21100.96551724138,135148.0,136018.0,79.0,1023.4596896551724,57.41893103448276,8244.630862068965,0.0,0.27241379310344827
s2,hash,1,1790348579.341229,1790348609.363435,0,29,296.0,296.0,1240.0,0.0,20990.0,127240.0,127592.0,78.0,1023.4655862068965,56.184862068965515,8244.672862068966,0.0,0.2689655172413793
s2,hyperbolic,1,1790348611.382432,1790348641.432012,0,29,296.0,296.0,851.0,0.0,20999.41379310345,121722.0,122055.0,93.0,1023.4572068965517,56.38551724137931,8244.91751724138,0.0,0.32068965517241377
s2,intmath,1,1790348643.451506,1790348673.473802,0,29,296.0,296.0,1129.0,0.0,20712.103448275862,124240.0,124777.0,93.0,1023.4645172413793,53.121793103448276,8250.971482758621,0.0,0.32068965517241377
s2,jpeg,1,1790348675.494233,1790348705.991707,0,29,296.0,552.5862068965517,6129.0,0.0,94268.86206896552,152370.0,152870.0,4985.0,1013.8188275862069,812.8535862068966,8262.821034482758,0.0,17.189655172413794
s2,logmath,1,1790348708.009154,1790348738.079334,0,29,296.0,296.0,814.0,0.0,20807.896551724138,129648.0,129981.0,76.0,1023.3725517241379,53.861758620689656,8246.402379310344,0.0,0.2620689655172414
s2,longjmp,1,1790348740.098266,1790348770.120531,0,29,296.0,296.0,907.0,0.0,20654.689655172413,140851.0,141185.0,88.0,1023.3765172413794,52.00272413793103,8247.80775862069,0.0,0.30344827586206896
s2,monte-carlo,1,1790348772.139657,1790348802.188371,0,29,296.0,296.0,814.0,0.0,21005.206896551725,127129.0,127537.0,98.0,1023.3567586206897,56.014172413793105,8247.868793103447,0.0,0.33793103448275863
s2,mpfr,1,1790348804.207683,1790348834.231584,0,29,296.0,296.0,777.0,0.0,23178.896551724138,126074.0,126407.0,86.0,1023.3705172413793,80.86110344827586,8251.984586206896,0.0,0.296551724137931
s2,nop,1,1790348836.252424,1790348866.275007,0,29,296.0,296.0,592.0,0.0,20609.344827586207,127592.0,128037.0,83.0,1023.3843103448276,51.620413793103445,8250.659620689656,0.0,0.28620689655172415
s2,opcode,1,1790348868.293984,1790348898.320298,0,29,296.0,662.4827586206897,4944.0,0.0,137653.9655172414,190740.0,191296.0,28998.0,1019.6627586206896,1024.9190344827587,8285.953965517241,0.0,99.99310344827586
s2,powmath,1,1790348900.339407,1790348930.441763,0,29,296.0,296.0,722.0,0.0,21217.310344827587,130166.0,130481.0,87.0,1023.3703793103448,58.614724137931034,8248.296827586208,0.0,0.3
s2,prime,1,1790348932.461215,1790348962.483474,0,29,296.0,296.0,833.0,0.0,20719.137931034482,132055.0,132425.0,92.0,1023.3817586206897,52.861862068965515,8250.879103448277,0.0,0.31724137931034485
s2,regex,1,1790348964.501644,1790348994.524217,0,29,296.0,541.7931034482758,4833.0,0.0,91738.89655172414,228666.0,230981.0,5105.0,1019.0438965517242,759.9179655172413,8318.423862068965,0.0,17.603448275862068
s2,regs,1,1790348996.542973,1790349026.564525,0,29,296.0,296.0,1074.0,0.0,20678.172413793105,119981.0,120296.0,87.0,1023.4038965517242,52.62324137931034,8251.46003448276,0.0,0.3
s2,rotate,1,1790349028.583347,1790349058.605444,0,29,296.0,296.62068965517244,14314.0,0.0,20674.379310344826,128240.0,129537.0,80.0,1023.4073793103448,52.515655172413794,8250.850551724137,0.0,0.27586206896551724
