scenario,load,rep,start,end,rc,windows,periods,lat_min_ns,lat_avg_ns,lat_max_ns,lat_over,exe_avg_ns,exe_max_ns,resp_max_ns,resp_over,l2_refill_per_period,l3_refill_per_period,bus_access_per_period,lat_over_pct,resp_over_pct
e3,idle,1,1790358787.133293,1790358847.14012,0,59,59000,277.0,296.0,1351.0,0.0,13988.77966101695,156611.0,157518.0,17.0,790.1492033898305,8.07428813559322,6379.750898305085,0.0,0.0288135593220339
e3,cache,1,1790358849.161442,1790358909.186844,0,59,59000,277.0,2593.9830508474574,10462.0,0.0,300812.4576271186,609796.0,614518.0,58124.0,870.0774237288135,758.6726949152543,7035.728203389831,0.0,98.51525423728813
e3,stream,1,1790358911.205818,1790358971.265134,0,59,59000,370.0,2555.508474576271,7351.0,0.0,336359.5593220339,414055.0,416666.0,59000.0,999.7084576271186,992.1617796610169,8104.3532372881355,0.0,100.0
e3,vm,1,1790358973.283922,1790359033.31345,0,59,59000,296.0,2462.508474576271,11537.0,0.0,320543.74576271186,643129.0,647759.0,43714.0,887.8043559322034,783.2854745762712,7188.799423728814,0.0,74.09152542372881
e3,pwalk,1,1790359035.332009,1790359095.085178,0,59,59000,277.0,296.3050847457627,11518.0,0.0,14933.542372881357,75888.0,76499.0,0.0,789.6890338983051,18.776322033898307,6371.803915254237,0.0,0.0
e3,idle,2,1790359097.107765,1790359157.113814,0,59,59000,277.0,296.0,759.0,0.0,13599.254237288136,91962.0,92481.0,0.0,790.0340508474576,3.8618135593220337,6378.675271186441,0.0,0.0
e3,cache,2,1790359159.13175,1790359219.155635,0,59,59000,277.0,3265.9830508474574,10296.0,0.0,377642.57627118647,565537.0,568944.0,58323.0,934.6775423728814,886.6168983050848,7577.01813559322,0.0,98.85254237288136
e3,stream,2,1790359221.174889,1790359281.212155,0,59,59000,388.0,2549.186440677966,15666.0,0.0,338037.8474576271,413722.0,416240.0,59000.0,996.0827627118645,992.8898135593221,8075.165186440678,0.0,100.0
e3,vm,2,1790359283.231281,1790359534.303203,hang,37,37000,277.0,1554.0,9925.0,0.0,203366.32432432432,653611.0,657648.0,16172.0,911.1497837837837,589.4113783783783,7386.400108108108,0.0,43.70810810810811
e3,pwalk,2,1790359534.325665,1790359594.06818,0,58,58000,277.0,296.0,1055.0,0.0,14902.0,76925.0,77499.0,0.0,789.3159655172414,18.49144827586207,6366.143224137931,0.0,0.0
